,link,count
0,https://t.me/+HJm0iG5nr1g5YWI0,70
1,https://t.me/AuthenTicaPronoscom,30
2,https://chat.whatsapp.com/Kdk4UeMiAgYHjUrM5mkJ3T,12
3,https://t.me/+7W3asMyZXjtiODY0,10
4,https://t.me/dehtech,8
5,https://chat.whatsapp.com/KYfylXsUSw0I94S10HeElu,6
6,https://www.facebook.com/profile.php?id=61552974707870,6
7,https://polaris.voto/#/?code=EKUZQ3,4
8,https://facebook.com/groups/974365700539475/,4
9,https://chat.whatsapp.com/IC1dN6yvoQg31Ou56slEgN,4
10,https://chat.whatsapp.com/FKgQoIMRwY26Q09ZYzvqXe,4
14,https://quickback.gy-idc.com/views/oweb/pay,3
15,https://t.me/+vGnkoGR1SzRmNGZk,3
11,http://shanbeigame.cn/views/home,3
13,https://wa.me/message/NLI2LK4ASY6II1,3
12,https://wa.me/243826533022,3
23,https://play.google.com/store/apps/details?id=com.akdev.fastgenius,2
30,https://bwredir.com/1pQo,2
29,https://youtu.be/58TcWEDucfw?si=FLDyDpRLF3xbWUnn,2
28,https://bwredir.com/1pQm,2
27,https://wa.me/c/33650134084,2
26,http://ens-06.bittorrent.com/,2
25,https://share.bitkeep.fun/inviteLink?code=TRB9rj&shareLang=en&teamCode=,2
24,https://t.me/nano_officiel_bot?start=03456707985,2
21,https://t.me/oumarramosfexed,2
20,https://chat.whatsapp.com/FtabQlgCmR6HZPdXIfZlMM,2
19,https://quickback.gy-idc.com/,2
18,https://chat.whatsapp.com/D9iKeBMoqHZ9G61pyGqqe5,2
17,https://1wvfbz.top/?open=register#cgejðŸ”—,2
16,https://wa.me/+2250705446055,2
22,https://facebook.com/groups/1023290792201171/,2
86,https://chat.whatsapp.com/HlCU5vHfnDo2joms97Fs66,1
78,https://youtu.be/Vm2hPVTZKtg?si=rziRnz9CIeELUpXp&t=411,1
84,https://chat.whatsapp.com/F6oujtjP7nY5A6YZ1YX21b,1
83,https://chat.whatsapp.com/EARbzSK1BON7S5r6dRrEKP,1
82,https://azcoiner.com/invite?user=izkyel,1
81,https://t.me/+8iS4za4A2uMzMmI8,1
80,https://chat.whatsapp.com/INPHfAAo14NI2V86Gd63Cc,1
79,https://facebook.com/groups/842087063537988/,1
75,https://t.me/AliEspressbot?start=r22082474,1
77,https://t.me/vpnpadre10,1
76,https://t.me/AliEspressbot?start=r22082474.,1
74,https://facebook.com/groups/844893257316884/,1
73,https://chat.whatsapp.com/EibPkW9k5V5EQrTRoeNlks,1
72,https://facebook.com/groups/968499824244819/,1
71,https://forms.gle/NUhNwdchppyMztsP6,1
70,https://t.me/MrDehH4ck3r,1
85,https://video-earn.click/8602339351562639/,1
101,https://www.facebook.com/profile.php?id=100064177959325,1
87,https://t.me/+W5HzdYqf6EZkNTZk,1
97,https://wa.me//+237672561520,1
104,https://whatsapp.com/channel/0029Va8dWJ9D38CbJKK8JG1L,1
103,https://t.me/cashflapbot?start=r21877393.,1
102,https://t.me/cashflapbot?start=r21877393,1
68,https://chat.whatsapp.com/Jtz1vV4dzDwI1w71OM1hpO,1
100,https://t.me/Fixedtips100bet,1
99,https://youtube.com/@FastResolve?si=MGjsp7TDRXjqeDo3,1
98,https://wa.me/message/U3ULKYUWIVTLB1,1
96,https://t.me/EasyMoney72Bot?start=Bot21978985,1
88,https://www.paypal.com/donate/?hosted_button_id=AL7A3EWDJUF3W,1
95,http://magbeauty.fr,1
94,https://www.tiktok.com/@magbeautycosmetic?_t=8WDg6SD5bz3&_r=1,1
93,https://youtu.be/Jjp1PJMW_Ng?si=Wft-FPrVMK8E46o3,1
92,https://instagram.com/stories/magbeauty_cosmetic_/2941329361516826975?utm_source=ig_story_item_share&igshid=MDJmNzVkMjY=,1
91,https://wa.me/c/33660547337,1
90,https://wa.me/c/32491361250,1
89,https://www.magbeauty.fr/pages/nous-contacter,1
69,https://www.facebook.com/dehtech,1
53,https://facebook.com/groups/1538403290244041/,1
67,https://chat.whatsapp.com/GY9taZyOymu1XIEJRq2rus,1
47,https://www.facebook.com/profile.php?id=100078123591023&mibextid=ZbWKwL,1
45,https://t.me/connexioninternetgratuite93,1
44,https://t.me/AliEspressbot?start=r21894022.,1
43,https://www.facebook.com/profile.php?id=100094263943367,1
42,https://chat.whatsapp.com/CjsqyDnsM9eF2Dhzo97tip,1
41,https://whatsapp.com/channel/0029Va90b3UDJ6H7DV5bYn0Q,1
40,https://www.facebook.com/groups/564313821119561/permalink/1341548986729370/,1
39,https://chat.whatsapp.com/BWGXxQPtUwcHzahI9qYC3E,1
38,http://ens-06.bittorrent.com,1
37,https://0kmh15ve.thompson633.sbs/u/NtXtG0sCBhOC,1
36,https://t.me/touslesvpn,1
35,https://8khovzto.amy189.sbs/u/OFdIuq1jpbbQx,1
34,https://t.me/NovartisBot?start=user21703258,1
33,http://wa.me/+2250504445026,1
32,https://chat.whatsapp.com/HdQPAq4lyqfKx3r3WKevn7,1
31,https://chat.whatsapp.com/ETj6ucHRNwa7FafVQONIAm,1
46,https://t.me/internetillimitepourtous,1
48,https://chat.whatsapp.com/FCtiktDPGAiJbCa4BxE3Ht,1
66,https://wa.me/message/6ZGUIOJ5RLTLD1,1
49,https://videofunds.yachts/4642354003839652/,1
65,https://whatsapp.com/channel/0029Va8AeUbF6smwz8r8Mo3a,1
64,https://Wa.me/+22999045049,1
63,https://bwredir.com/1Hhi?p=%2Fregistration%2F,1
62,https://www.snapchat.com/add/mays_beauty2021,1
61,https://chat.whatsapp.com/Bk5bKGtq2KoEoDcdFEJDGz,1
60,https://1xbet.ci/mobile?bf=9d0134488b514_4513476151,1
59,https://t.me/Sadiomaneservice,1
58,https://whatsapp.com/channel/0029VaE1W9B8vd1S8dYxzQ2b,1
57,https://t.me/+8KcaMCIgRBA5M2I0,1
56,https://chat.whatsapp.com/LPlBQBBftU96mc3DuE4Pcx,1
55,https://bwredir.com/1Hhi?p=%2Fmobile%2F,1
54,https://generalai.fun/h5/index.html#/?recommendCode=20461872,1
52,https://chat.whatsapp.com/FM8DS1pl1n2DLKFRyhhh2Z,1
51,https://chat.whatsapp.com/JcJlLUVrYJO5NxqeQdCFKh,1
50,https://youtu.be/u_Ef1OKd5M8?si=6Zlra1aq-PZMZAHh,1
105,https://t.me/AliEspressbot?star=r21894022,1
