,word,count
0,description,102
1,available,101
2,https,91
3,mali,48
4,internet,30
5,orange,30
6,mobile,17
7,...,16
8,gratuit,14
9,pour,10
10,http,10
11,vpn,10
12,comment,10
13,connexion,8
14,fraud,8
15,forfait,7
16,configuration,7
17,offres,6
18,les,6
19,votre,6
20,sur,6
21,gratuite,5
22,free,5
23,configurer,5
24,pas,4
25,connection,4
26,freedom,4
27,orangemali,4
28,apn,4
29,2023,3
30,analytics,3
31,fast,3
32,forfaits,3
33,avec,3
34,ligne,3
35,nouveau,3
36,//www.orangemali.com/fr/comment-configurer-internet-sur-votre-mobile.html,3
37,bamako,3
38,risk,3
39,data,2
40,box,2
41,web,2
42,secure,2
43,prépayé,2
44,detection,2
45,bout,2
46,a9l,2
47,android,2
48,your-freedom,2
49,domaine,2
50,l=3,2
51,mobiles,2
52,telecel,2
53,france,2
54,assistance,2
55,settings,2
56,tunnel,2
57,//www.your-freedom.net/index.php,2
58,via,2
59,accueil,2
60,malitel,2
61,offre,2
62,get,2
63,prevention,2
64,//www.centerblog.net/internet/540274-112-nouveau-connection-gratuit-par-orangemali-,2
65,//forums.commentcamarche.net/forum/affich-35616520-comment-avoir-internet-gratuit-chez-orangemali,2
66,domicile,2
67,//www.monisnap.com/fr/blog/article/internet-orange-mali/,2
68,1min,2
69,recharger,2
70,pass,2
71,quel,2
72,est,2
73,chez,2
74,meilleur,2
75,avoir,2
76,//forums.commentcamarche.net/forum/affich-35457936-vpn-gratuit-au-mali,2
77,//www.gb00tech.com/2020/12/internet-gratuit-illimite-orange-mali.html,2
78,2021,2
79,astuces,2
80,illimité,2
81,//www.facebook.com/groups/373261044156562/,2
82,mon,2
83,par,2
84,d'internet,1
85,sahel,1
86,stabilisation,1
87,sortir,1
88,//www.maliweb.net/nation/mali-le-bout-du-tunnel-nest-pas-pour-demain-2826683.html,1
89,demain,1
90,options,1
91,//bamada.net/stabilisation-du-mali-et-du-sahel-sortir-de-la-logique-guerriere-de-la-france-pour-voir-le-bout-du-tunnel,1
92,//www.afribone.com/transformation-digitale-au-mali-orange-mali-fait-un-pas-de-geant/,1
93,//www.orangemali.com/fr/offres-internet-a-domicile/sobox-mobile-intenet-connexion-mali-pas-cher.html,1
94,so'box,1
95,//www.orangemali.com/fr/souscrire-aux-forfaits-internet-mobiles.html,1
96,aux,1
97,panique,1
98,souscrire,1
99,//www.facebook.com/orangecameroun/posts/forfait-internet-,1
100,transformation,1
101,n'est,1
102,fait,1
103,a9puis,1
104,a9-pas-de-panique-composez-le-1453-pour-emprunter-de-la-dat/2866479110111653/,1
105,digitale,1
106,épuisé,1
107,title,1
108,wifi,1
109,//maliactu.net/mali-untm-gouvernement-peut-etre-le-bout-du-tunnel/,1
110,réseaux,1
111,diagne,1
112,mamadou,1
113,choisir,1
114,2020,1
115,type=3,1
116,//www.facebook.com/orange.mali/photos/a.2268345363235238/3573795046023590/,1
117,tous,1
118,//econnexion.net/internet-gratuit-orange-mali/,1
119,vers,1
120,bonus,1
121,plein,1
122,faire,1
123,//allo.monisnap.com/fr/pays/ml/operateurs/orange,1
124,appel,1
125,//dofbi.medium.com/mali-2020-quel-forfait-mobile-choisir-52d6416e77a4,1
126,activer,1
127,tunnel…,1
128,connecter,1
129,peut-être,1
130,untm-gouvernement,1
131,//www.facebook.com/groups/1379859858940010/posts/3301043693488274/,1
132,//www.facebook.com/groups/1379859858940010/,1
133,//dogons.wordpress.com/2018/01/25/comment-connecter-web-tunnel/,1
134,prodogons,1
135,//forums.commentcamarche.net/forum/affich-35318357-comment-active-webtunnel-avec-orange-mali,1
136,une,1
137,webtunnel,1
138,active,1
139,//www.tiktok.com/discover/connexion-gratuit-orange-mali-2023,1
140,//www.tiktok.com/discover/connexion-gratuit-2023-au-mali,1
141,//www.orangemali.com/fr/comment-activer-une-connexion-wifi.html,1
142,pourquoi,1
143,//boutique.orange.fr/options/internet-fu,1
144,l'assurance,1
145,marche,1
146,average,1
147,ai-jobs.net,1
148,jobs,1
149,latest,1
150,//www.tableau.com/fr-fr/learn/whitepapers/prevent-detect-fraud-data-analytics,1
151,using,1
152,detect,1
153,prevent,1
154,steps,1
155,//www.dhl.com/ml-en/home/footer/fraud-awareness.html,1
156,awareness,1
157,//www.emploimali.com/offre-emploi-mali/head-of-fraud-risk-143825,1
158,head,1
159,d'emploi,1
160,//apn.how/ml/orange-mali/android,1
161,//maliactu.net/mali-alliance-pour-la-police-nationale-apn-sergent-chef-sidi-tamboura-le-nouveau-secretaire-general/,1
162,//ai-jobs.net/list/fraud-risk-related-jobs-in-mali/,1
163,supervisor,1
164,police,1
165,salary,1
166,graph,1
167,financial,1
168,//www.subex.com/blog/be-on-your-guard-the-rising-risk-of-data-frauds/,1
169,frauds,1
170,rising,1
171,guard,1
172,//www.teradata.fr/solutions/fraud-prevention,1
173,teradata,1
174,move,1
175,trk=public_profile_like_view,1
176,//ml.linkedin.com/posts/aston-network_bamako-bamako-mali-activity-6938473676245766145-tazo,1
177,post,1
178,network,1
179,aston,1
180,//worldsalaries.com/average-fraud-detection-supervisor-salary-in-bamako/mali/,1
181,nationale,1
182,alliance,1
183,tablette,1
184,//www.orangemali.com/fr/assistance-configurer-mon-mobile.html,1
185,moi,1
186,acheter,1
187,//www.orange.cd/fr/assistance/quels-sont-les-differents-canaux-pour-consulter-son-solde-forfait-internet.html,1
188,solde,1
189,son,1
190,consulter,1
191,canaux,1
192,différents,1
193,sont,1
194,quels,1
195,//www.degrouptest.com/actualite/avec-orange-composez-votre-offre-internet-et-mobile-a-la-carte-et-faites-de-jolies-economies,1
196,composez,1
197,//jecherche1forfait.com/forfait-mobile/offres-forfait-mobile/forfait-sms-uniquement/forfait-mobile-sans-internet-orange/,1
198,sans,1
199,//www.orange.ma/assistance/equipement-internet/acces-a-internet-sur-mobile-ou-tablette,1
200,//www.orange-guinee.com/fr/assistance/comment-acheter-un-pass-internet-avec-orange-et-moi.html,1
201,//www.moov-africa.ml/assistance/pages/assistance.aspx,1
202,a9phone-envoyer-par-sms-adc-a/468166310575691/,1
203,lte,1
204,//www.facebook.com/telecel.officiel/posts/astucestelecelpour-configurer-internet-sur-votre-t,1
205,astucestelecel,1
206,//www.apnsettings.org/mali/orange-ml/,1
207,//www.telecelmali.com/faqs.aspx,1
208,faq,1
209,20volontaire.pdf,1
210,20l'assurance,1
211,20de,1
212,//mali.eregulations.org/media/guide,1
213,eregulations,1
214,volontaire.pdf,1
215,//lejalon.com/2023/04/30/orange-france-le-forfait-de-70go-est-il-cede-a-999-euros-avec-des-appels-illimites/,1
216,guide,1
217,//www.mxwiki.com/ml/orange-ml,1
218,wiki,1
219,recharge,1
220,//fr.ipshu.com/ipv4/41.73.105.75,1
221,jalon,1
222,télécharge,1
223,//www.tiktok.com/discover/your-freedom-configuration-orange-ci,1
224,//jordanguedia.over-blog.com/pages/configuration-your-freedom-gratis-4940097.html,1
225,camer,1
226,net,1
227,gratis,1
228,//your-freedom.fr.uptodown.com/android/telecharger,1
229,20221027-01,1
230,//www.centerblog.net/internet/734758-8-nouveau-connection-gratuit-orange-mali-,1
231,a0-,1
232,//internetpro.forumgratuit.org/t1280-new-configuration-youfreedom-orange-ci,1
233,youfreedom,1
234,new,1
235,id=6,1
236,id=114,1
237,compte,1
238,a0-regarder-france-24,1
239,hackers,1
240,d'afrique,1
241,//m.facebook.com/hackersdafrique/photos/configuration-de-your-freedom-orange/619367951475737/,1
242,locale=pt_br,1
243,//www.rfi.fr/fr/contenu/20091029-apres-internet-free-s-attaque-mobile,1
244,s'attaque,1
245,après,1
246,//www.monpetitforfait.com/comparateur-box-internet/chaines-tv/cherifla-tv,1
247,accéder,1
248,numéro,1
249,cherifla,1
250,chaîne,1
251,//www.touslesforfaits.fr/guides/indicatifs-telephoniques/mali,1
252,indicatif,1
253,appeler,1
254,//www.bfmtv.com/international/afrique/mali/page5/,1
255,page,1
256,//www.facebook.com/1867490516623745/posts/voici-la-configuration-de-your-freedom-change-le-ems32-en-ems04-seulement-et-sur/3063415470364571/,1
257,voici,1
258,a9couter-rfi-et-,1
259,//www.rfi.fr/fr/afrique/20220318-mali-comment-continuer-,1
260,"9,99",1
261,vpnmag,1
262,//play.google.com/store/apps/details,1
263,play,1
264,google,1
265,apps,1
266,proxy,1
267,private,1
268,//www.vpnmag.fr/meilleur-vpn-pour-le-mali/,1
269,//logiciel-vpn.fr/pays/131-mali,1
270,regarder,1
271,//dogons.wordpress.com/2018/03/28/finchvpn-inernet-gratuit-configuration-sur-le-reseau-orange-mali/,1
272,réseau,1
273,inernet,1
274,finchvpn,1
275,//www.orangemali.com/fr/catalogue/offres-internet-a-domicile.html,1
276,//laban.centerblog.net/,1
277,date,1
278,id=com.mali.cvpn,1
279,apk,1
280,dernière,1
281,version,1
282,rfi,1
283,écouter,1
284,continuer,1
285,//www.emploimali.com/cv-vpn,1
286,a9charger-sur-playe-store-pour-st/328005825262250/,1
287,a0-t,1
288,//www.facebook.com/114702653259236/posts/super-vpn-free-fast-secure-unlimited-proxy-,1
289,unlimited,1
290,super,1
291,//www.emploimali.com/recrutement-vpn,1
292,recrutement,1
293,//www.vpnunlimited.com/help/countries/mali-vpn,1
294,swift,1
295,best,1
296,//apkcombo.com/fr/mali-vpn-get-fast-free-mali-ip/com.mali.lewis/download/apk,1
297,pdf,1
298,cyberespace,1
299,services,1
300,41.73.105.75,1
301,damou,1
302,//www.orangemali.com/fr/catalogue/offres-internet-mobile.html,1
303,//www.orangemali.com/fr/offres-internet-mobile/forfaits-mois-petit-budget-rapide-debit-rapidite-4g.html,1
304,mois,1
305,//www.orangemali.com/,1
306,link,1
307,questions,1
308,géolocalisation,1
309,//fr.scribd.com/document/505732066/offres-internet-free,1
310,recherche,1
311,//nstools.fr/www.orangemali.com,1
312,www.orangemali,1
313,whois,1
314,dns,1
315,analyse,1
316,//www.proxydocker.com/fr/iplookup/orangemali.com,1
317,sotelma,1
318,//www.malitel.ml/particulier/mobile/prepayes/pages/damou.aspx,1
319,l'internet,1
320,très,1
321,cédé,1
322,est-il,1
323,70go,1
324,a9s.aspx,1
325,a9pay,1
326,20pr,1
327,20mensuels,1
328,//www.moov-africa.ml/particulier/mobile/prepayes/pages/forfaits,1
329,douman,1
330,20mobile.aspx,1
331,20internet,1
332,//www.malitel.ml/particulier/internet/pages/forfaits,1
333,3g+,1
334,débit,1
335,haut,1
336,l'adresse,1
337,détails,1
338,orangemali.com,1
339,ns7.orangemali.net,1
340,แอลเบเนีย,1
341,county,1
342,vlorë,1
343,ที่พักช่วงวันหยุดและบ้าน,1
344,radhimes,1
345,l=fr,1
346,//apps.apple.com/ml/app/dicty/id969045273,1
347,apple,1
348,store,1
349,l'app,1
350,dans,1
351,dicty,1
352,//www.atinternet.com/en/resources/,1
353,resources,1
354,digital,1
355,//th.airbnb.com/mali-i-radhimes-albania/stays,1
356,41.73.96.51,1
357,//www.abuseipdb.com/check/197.155.158.21,1
358,nom,1
359,197.155.158.21,1
360,reports,1
361,abuse,1
362,//myip.ms/view/web_hosting/9273/orange_mali_sa.html,1
363,hosting,1
364,//dnslytics.com/ip/196.200.88.110,1
365,ns6.orangemali.net,1
366,196.200.88.110,1
367,//fr.host-tools.com/online-check/www.orangemali.com/http,1
368,hors,1
369,www.orangemali.com,1
370,site,1
371,//fr.host-tools.com/hostname/41.73.96.51,1
372,host-tools,1
373,d'hôte,1
374,//graphaware.com/solutions/finance/,1
