,id,name,type,members,about,admins
0,1276455579062129,vpn connexion gratuit Android,Groupe (Public),18928,Le groupe a été créée dans seul but d'aider chacun de pouvoir naviguer gratuitement sur son Android xi tu connais un vpn qui passe très bien tu peux publié ca ici pour aider tes amis a rester connectè,[]
1,829881601894591,RÉSEAU DE PARTAGE VPN ET AUTRES,Groupe (Public),11436,"SI TU VEUX SURFER GRATUITEMENT.

REJOINDRE LE GROUPE SIMPLEMENT.",[]
2,229526836573593,"VPN , naviguer sans forfait avec configuration gratuite �",Groupe (Public),3075,Profitez vous d'une nouvelle réforme du service VPN pour une navigation a 100% gratuite�,[]
3,1023290792201171,Configuration de vpn et internet gratuit pour tous ��,Groupe (Public),883,"Notre groupe a pour but de fournir accès à l internet gratuit ,la configuration des vpn ainsi que boostage des comptes",[]
4,480546273051290,Astuces internet & VPN gratuit,Groupe (Public),52552,Partage de connexion gratuite de VPN.,[]
5,330829602098456,CODE INTERNET GRATUIT MTN C.I,Groupe (Public),132856,Partage de codes internet gratuits.,[]
6,373261044156562,Connexion internet gratuite Orange Mali,Groupe (Public),4100,Internet gratuite Orange Mali all time,[]
7,827209621734222,Connexion internet gratuit et illimité,Groupe (Public),81192,Sans achat de connexion ou méga on est connecté,[]
8,281320097210737,Toutes les codes de connexion gratuit,Groupe (Public),99869,Je dis bien tous ceux qui ont des cours secrets n'ont qu'à partager dans mon groupe parce que moi j'aime partager mes cours c'est clair je suis pas arnaque,[]
9,480161843331816,Internet gratuit RDC vpn,Groupe (Public),17942,Internet gratuit,[]
10,796158028338151,Wifi gratuit et déblocage des WiFi codé wdk sml,Groupe (Public),11440,Wifi gratuit et déblocage des WiFi codé et débloquer toutes les wifi qui dans votre xon _ quartier _ arrondissement _ commune et tout les wifi qui est den votre pays contacter 55347063 où 56418665,[]
11,367490694690005,"MTN secret MTN connexion gratuit , appelle gratuit , craker un Wi-Fi ,",Groupe (Public),41143,,[]
12,649737830533281,Connexion gratuit ORANGE MTN et MOOV,Groupe (Public),2761,,[]
13,361131426138538,Code internet gratuit vpn illimité et code secret téléphonique,Groupe (Public),11606,Un groupe de connexion gratuit piratage hacking pro code secret téléphonique,[]
14,480546273051290,Astuces internet & VPN gratuit,Groupe (Public),52552,Partage de connexion gratuite de VPN.,[]
15,1023290792201171,Configuration de vpn et internet gratuit pour tous ��,Groupe (Public),883,"Notre groupe a pour but de fournir accès à l internet gratuit ,la configuration des vpn ainsi que boostage des comptes",[]
16,5288212327856432,internet gratuit mtn et tous les reseau,Groupe (Public),18213,,[]
17,771219470801241,Code secret endroit et connexion Internet gratuit,Groupe (Public),79750,Salut suis disponible pour toute vous besoin tél que les code secret endroit et connexion Internet gratuit,[]
18,3241487372801352,Internet gratuit sur tous réseaux,Groupe (Public),112821,Internet gratuit mon numéro whatsap �06150215,[]
19,378426460795818,Codé d'internet gratuit MTN CI disponible,Groupe (Public),62695,Tranquille ici,[]
20,780325526474912,CODE DE INTERNET GRATUIT POUR TOUS LES PAYS_2,Groupe (Public),1450,ICI LES CODE SONT GRATUITS PAS PAYANT,[]
21,418194193608255,Tout les codes internet gratuitement,Groupe (Public),8153,,[]
22,1040893559930287,Connexion internet gratuit,Groupe (Public),4906,Des connexions Internet Gratuit tout réseau tu. Interressé écrit moi en privé,[]
23,1363434841117042,Code internet gratuit pour tous les réseaux 󱢏,Groupe (Public),49948,"Ce groupe a été créée pour aider les membre a
S entraider avc les code secret internet, les publications des marabouts et autres ne sont pas la bienvenue, merci pour la compréhension �",[]
