Title,Link,Description,Date
Connexion internet gratuite Orange Mali,https://www.facebook.com/groups/373261044156562/,No description available,[]
Internet gratuit illimité Orange Mali (Astuces 2021),https://www.gb00tech.com/2020/12/internet-gratuit-illimite-orange-mali.html,No description available,[]
Vpn gratuit au Mali,https://forums.commentcamarche.net/forum/affich-35457936-vpn-gratuit-au-mali,No description available,[]
la connection internet gratuite au mali,http://laban.centerblog.net/,No description available,[]
Comment avoir internet gratuit chez orangemali,https://forums.commentcamarche.net/forum/affich-35616520-comment-avoir-internet-gratuit-chez-orangemali,No description available,[]
Comment configurer internet sur votre mobile,https://www.orangemali.com/fr/comment-configurer-internet-sur-votre-mobile.html,No description available,[]
NOUVEAU CONNECTION GRATUIT PAR ORANGEMALI,http://www.centerblog.net/internet/540274-112-nouveau-connection-gratuit-par-orangemali-,No description available,[]
Les offres Internet mobile,https://www.orangemali.com/fr/catalogue/offres-internet-mobile.html,No description available,[]
FinchVPN Inernet Gratuit configuration sur le réseau ...,https://dogons.wordpress.com/2018/03/28/finchvpn-inernet-gratuit-configuration-sur-le-reseau-orange-mali/,No description available,[]
VPN pour le Mali - Quel est le Meilleur ?,https://logiciel-vpn.fr/pays/131-mali,No description available,[]
Meilleur VPN pour le Mali - VPNMag,https://www.vpnmag.fr/meilleur-vpn-pour-le-mali/,No description available,[]
Mali VPN - Fast Private Proxy - Apps on Google Play,https://play.google.com/store/apps/details?id=com.mali.cvpn,No description available,[]
Mali VPN - Get Fast & Free Mali IP APK - Dernière version,https://apkcombo.com/fr/mali-vpn-get-fast-free-mali-ip/com.Mali.lewis/download/apk,No description available,[]
Get the Best Mali VPN | Swift and Secure,https://www.vpnunlimited.com/help/countries/mali-vpn,No description available,[]
Recrutement VPN - Mali,https://www.emploimali.com/recrutement-vpn,No description available,[]
"LE MALI - Super VPN - Free, Fast, Secure & Unlimited ...",https://www.facebook.com/114702653259236/posts/super-vpn-free-fast-secure-unlimited-proxy-%C3%A0-t%C3%A9l%C3%A9charger-sur-playe-store-pour-st/328005825262250/,No description available,[]
CV VPN - Mali,https://www.emploimali.com/cv-vpn,No description available,[]
Vpn gratuit au Mali,https://forums.commentcamarche.net/forum/affich-35457936-vpn-gratuit-au-mali,No description available,[]
comment continuer à écouter RFI et à regarder France 24?,https://www.rfi.fr/fr/afrique/20220318-mali-comment-continuer-%C3%A0-%C3%A9couter-rfi-et-%C3%A0-regarder-france-24,No description available,[]
COMPTE,https://www.your-freedom.net/index.php?id=114&L=3,No description available,[]
ACCUEIL,https://www.your-freedom.net/index.php?id=6&L=3,No description available,[]
New configuration youfreedom orange ci,https://internetpro.forumgratuit.org/t1280-new-configuration-youfreedom-orange-ci,No description available,[]
Nouveau connection gratuit orange mali - your freedom ...,http://www.centerblog.net/internet/734758-8-nouveau-connection-gratuit-orange-mali-,No description available,[]
Télécharge Your Freedom 20221027-01 pour Android,https://your-freedom.fr.uptodown.com/android/telecharger,No description available,[]
Configuration YOUR-FREEDOM (gratis) - net gratuit au camer,http://jordanguedia.over-blog.com/pages/Configuration-your-freedom-gratis-4940097.html,No description available,[]
your freedom configuration orange ci,https://www.tiktok.com/discover/your-freedom-configuration-orange-ci,No description available,[]
Hackers d'Afrique - Configuration de your freedom Orange ...,https://m.facebook.com/HackersDAfrique/photos/configuration-de-your-freedom-orange/619367951475737/?locale=pt_BR,No description available,[]
VOICI LA CONFIGURATION DE your-freedom...,https://www.facebook.com/1867490516623745/posts/voici-la-configuration-de-your-freedom-change-le-ems32-en-ems04-seulement-et-sur/3063415470364571/,No description available,[]
Mali - Page 5,https://www.bfmtv.com/international/afrique/mali/page5/,No description available,[]
"Appeler le Mali : indicatif, forfaits mobiles et box internet",https://www.touslesforfaits.fr/guides/indicatifs-telephoniques/mali,No description available,[]
Chaîne Cherifla TV : numéro pour y accéder sur sa box ...,https://www.monpetitforfait.com/comparateur-box-internet/chaines-tv/cherifla-tv,No description available,[]
Offres Internet - Free | PDF | Cyberespace | Services en ligne,https://fr.scribd.com/document/505732066/Offres-Internet-Free,No description available,[]
"Après Internet, Free s'attaque au mobile",https://www.rfi.fr/fr/contenu/20091029-apres-internet-free-s-attaque-mobile,No description available,[]
AT Internet's free digital analytics resources,https://www.atinternet.com/en/resources/,No description available,[]
"Mali i Radhimes ที่พักช่วงวันหยุดและบ้าน - Vlorë County, แอลเบเนีย",https://th.airbnb.com/mali-i-radhimes-albania/stays,No description available,[]
Mali-Mali Beach Resort | Jetstar Hotels,https://www.jetstar.com/au/en/hotels/properties/188485-mali-mali-beach-resort?id=188485-mali-mali-beach-resort,No description available,[]
ns7.orangemali.net - 41.73.96.51 - Nom d'hôte - Host-Tools,https://fr.host-tools.com/hostname/41.73.96.51,No description available,[]
Site web pour www.orangemali.com est HORS LIGNE,https://fr.host-tools.com/online-check/www.orangemali.com/http,No description available,[]
"196.200.88.110 | ns6.orangemali.net - Orange Mali SA, Mali",https://dnslytics.com/ip/196.200.88.110,No description available,[]
Orange Mali Sa Hosting,https://myip.ms/view/web_hosting/9273/Orange_Mali_Sa.html,No description available,[]
IP Abuse Reports for 197.155.158.21 - Orange Mali SA,https://www.abuseipdb.com/check/197.155.158.21,No description available,[]
Orangemali.com - Détails de l'adresse de domaine,https://www.proxydocker.com/fr/iplookup/orangemali.com,No description available,[]
"Analyse DNS, MX et whois du domaine www.orangemali. ...",https://nstools.fr/www.orangemali.com,No description available,[]
Recherche de géolocalisation 41.73.105.75 et questions ...,https://fr.ipshu.com/ipv4/41.73.105.75,No description available,[]
Accueil Orange Mali,https://www.orangemali.com/,No description available,[]
Forfaits mois | Les offres Internet mobile,https://www.orangemali.com/fr/offres-internet-mobile/forfaits-mois-petit-budget-rapide-debit-rapidite-4g.html,No description available,[]
Les offres Internet mobile,https://www.orangemali.com/fr/catalogue/offres-internet-mobile.html,No description available,[]
Le forfait prépayé Damou de Sotelma,http://www.malitel.ml/particulier/mobile/prepayes/pages/damou.aspx,No description available,[]
L'Internet très haut débit Mobile 3G+ de Malitel - Bamako,http://www.malitel.ml/particulier/internet/Pages/forfaits%20internet%20mobile.aspx,No description available,[]
Le forfait mobile prépayé Douman de Malitel,https://www.moov-africa.ml/particulier/mobile/Prepayes/Pages/Forfaits%20mensuels%20pr%C3%A9pay%C3%A9s.aspx,No description available,[]
"Sotelma : forfaits téléphonie mobile, fixe, adsl wifi et 4G au Mali",https://www.moov-africa.ml/,No description available,[]
Internet Orange Mali : recharger votre mobile en 1min !,https://www.monisnap.com/fr/blog/article/internet-orange-mali/,No description available,[]
Orange - Profitez de la promo spéciale So'Box Mobile & ...,https://www.facebook.com/orange.mali/photos/a.404450636291396/4969556006447480/?type=3,No description available,[]
"Orange France: le forfait de 70Go est-il cédé à 9,99 ... - Le Jalon",https://lejalon.com/2023/04/30/orange-france-le-forfait-de-70go-est-il-cede-a-999-euros-avec-des-appels-illimites/,No description available,[]
Pass Mali M - Lycamobile,https://www.lycamobile.fr/fr/bundle/pass-mali-m/,No description available,[]
Connexion internet gratuite Orange Mali,https://www.facebook.com/groups/373261044156562/,No description available,[]
Comment activer une connexion WiFi,https://www.orangemali.com/fr/comment-activer-une-connexion-wifi.html,No description available,[]
Connexion Internet Gratuit Orange Mali,https://econnexion.net/internet-gratuit-orange-mali/,No description available,[]
Comment avoir internet gratuit chez orangemali,https://forums.commentcamarche.net/forum/affich-35616520-comment-avoir-internet-gratuit-chez-orangemali,No description available,[]
connexion gratuit 2023 au Mali,https://www.tiktok.com/discover/connexion-gratuit-2023-au-Mali,No description available,[]
connexion gratuit orange mali 2023,https://www.tiktok.com/discover/connexion-gratuit-orange-mali-2023,No description available,[]
Orange Mali Sugu – Applications sur ...,https://play.google.com/store/apps/details?id=com.oml.dsi.orangemobile&hl=fr&gl=US,No description available,[]
Comment active webtunnel avec orange mali,https://forums.commentcamarche.net/forum/affich-35318357-comment-active-webtunnel-avec-orange-mali,No description available,[]
Comment configurer internet sur votre mobile,https://www.orangemali.com/fr/comment-configurer-internet-sur-votre-mobile.html,No description available,[]
Comment connecter Web Tunnel – ProDogons,https://dogons.wordpress.com/2018/01/25/comment-connecter-web-tunnel/,No description available,[]
CONNEXION GRATUITE VIA ORANGE MALI,https://www.facebook.com/groups/1379859858940010/,No description available,[]
"Orange - Ils étaient si réels, si forts et puissants nos rêves d ...",https://m.facebook.com/orange.mali/photos/a.404450636291396/5970668676336203/?type=3&source=57&locale=hi_IN,No description available,[]
Mali : UNTM-gouvernement : Peut-être le bout du tunnel…,https://maliactu.net/mali-untm-gouvernement-peut-etre-le-bout-du-tunnel/,No description available,[]
Mali : Le bout du tunnel n'est pas pour demain,https://www.maliweb.net/nation/mali-le-bout-du-tunnel-nest-pas-pour-demain-2826683.html,No description available,[]
STABILISATION DU MALI ET DU SAHEL Sortir de la ...,http://bamada.net/stabilisation-du-mali-et-du-sahel-sortir-de-la-logique-guerriere-de-la-france-pour-voir-le-bout-du-tunnel,No description available,[]
Offres Internet - Souscrire aux forfaits Internet mobiles,https://www.orangemali.com/fr/souscrire-aux-forfaits-internet-mobiles.html,No description available,[]
So'Box Mobile | Les offres Internet à domicile,https://www.orangemali.com/fr/offres-internet-a-domicile/sobox-mobile-intenet-connexion-mali-pas-cher.html,No description available,[]
Orange - Forfait internet épuisé? Pas de panique,https://www.facebook.com/orangecameroun/posts/forfait-internet-%C3%A9puis%C3%A9-pas-de-panique-composez-le-1453-pour-emprunter-de-la-dat/2866479110111653/,No description available,[]
Pass et options + d'internet pour forfait mobile,https://boutique.orange.fr/options/internet-fu,No description available,[]
Pourquoi Internet ne marche pas sur mon mobile ou tablette,https://www.orange.ma/Assistance/Equipement-internet/Acces-a-Internet-sur-Mobile-ou-tablette,No description available,[]
Internet Orange Mali : recharger votre mobile en 1min !,https://www.monisnap.com/fr/blog/article/internet-orange-mali/,No description available,[]
"Avec Orange, composez votre offre internet et mobile à la ...",https://www.degrouptest.com/actualite/avec-orange-composez-votre-offre-internet-et-mobile-a-la-carte-et-faites-de-jolies-economies,No description available,[]
Forfait mobile sans internet orange,https://jecherche1forfait.com/forfait-mobile/offres-forfait-mobile/forfait-sms-uniquement/forfait-mobile-sans-internet-orange/,No description available,[]
Quels sont les différents canaux pour consulter son solde ...,https://www.orange.cd/fr/assistance/quels-sont-les-differents-canaux-pour-consulter-son-solde-forfait-internet.html,No description available,[]
Comment acheter un pass internet avec Orange et Moi,https://www.orange-guinee.com/fr/assistance/comment-acheter-un-pass-internet-avec-orange-et-moi.html,No description available,[]
Comment configurer internet sur votre mobile,https://www.orangemali.com/fr/comment-configurer-internet-sur-votre-mobile.html,No description available,[]
Assistance Configurer mon mobile,https://www.orangemali.com/fr/assistance-configurer-mon-mobile.html,No description available,[]
Assistance,https://www.moov-africa.ml/Assistance/Pages/Assistance.aspx,No description available,[]
Configuration Internet Orange Mali - 4G LTE 5G APN - MX Wiki,https://www.mxwiki.com/ml/orange-ml,No description available,[]
guide de l'assurance volontaire.pdf - eRegulations,https://mali.eregulations.org/media/guide%20de%20l'assurance%20volontaire.pdf,No description available,[]
FAQ - Telecel,http://www.telecelmali.com/faqs.aspx,No description available,[]
Telecel Mali - #ASTUCESTELECEL Pour Configurer ...,https://www.facebook.com/telecel.officiel/posts/astucestelecelpour-configurer-internet-sur-votre-t%C3%A9l%C3%A9phone-envoyer-par-sms-adc-a/468166310575691/,No description available,[]
Mali : ALLIANCE POUR LA POLICE NATIONALE (APN),https://maliactu.net/mali-alliance-pour-la-police-nationale-apn-sergent-chef-sidi-tamboura-le-nouveau-secretaire-general/,No description available,[]
Orange Mali APN Settings 2023,https://www.apnsettings.org/mali/orange-ml/,No description available,[]
Orange Mali APN settings for Android,https://apn.how/ml/orange-mali/android,No description available,[]
Offre d'emploi Mali : Head Of Fraud Risk - Bamako,https://www.emploimali.com/offre-emploi-mali/head-of-fraud-risk-143825,No description available,[]
Fraud Awareness - Mali,https://www.dhl.com/ml-en/home/footer/fraud-awareness.html,No description available,[]
5 Steps to Prevent & Detect Fraud Using Data Analytics,https://www.tableau.com/fr-fr/learn/whitepapers/prevent-detect-fraud-data-analytics,No description available,[]
Latest Fraud risk jobs in Mali | ai-jobs.net,https://ai-jobs.net/list/fraud-risk-related-jobs-in-mali/,No description available,[]
Average Fraud Detection Supervisor Salary in Bamako ...,https://worldsalaries.com/average-fraud-detection-supervisor-salary-in-bamako/mali/,No description available,[]
ASToN network's Post,https://ml.linkedin.com/posts/aston-network_bamako-bamako-mali-activity-6938473676245766145-taZO?trk=public_profile_like_view,No description available,[]
Move from Fraud Detection to Fraud Prevention | Teradata,http://www.teradata.fr/Solutions/Fraud-Prevention,No description available,[]
Be on your guard: The rising risk of Data Frauds,https://www.subex.com/blog/be-on-your-guard-the-rising-risk-of-data-frauds/,No description available,[]
attempts of fraud recruitment in Sierra Leone and Mali,https://www.actioncontrelafaim.org/en/headline/warning-attempts-of-fraud-recruitment-in-sierra-leone-and-mali/,No description available,[]
